{
  "version": 1,
  "author": "Anonymous maker",
  "editor": "wokwi",
  "parts": [
    { "type": "board-esp32-s2-devkitm-1", "id": "esp", "top": -4.31, "left": 81.37, "attrs": {} },
    {
      "type": "wokwi-pushbutton",
      "id": "btn1",
      "top": 15.8,
      "left": -86.4,
      "attrs": { "color": "green", "xray": "1" }
    },
    {
      "type": "wokwi-pushbutton",
      "id": "btn2",
      "top": 83,
      "left": -86.4,
      "attrs": { "color": "yellow", "xray": "1" }
    },
    {
      "type": "wokwi-pushbutton",
      "id": "btn3",
      "top": 150.2,
      "left": -86.4,
      "attrs": { "color": "blue", "xray": "1" }
    },
    {
      "type": "board-ssd1306",
      "id": "oled1",
      "top": 271.94,
      "left": -114.97,
      "attrs": { "i2cAddress": "0x3c" }
    },
    { "type": "wokwi-mpu6050", "id": "imu1", "top": 61.42, "left": 290.32, "attrs": {} }
  ],
  "connections": [
    [ "esp:TX", "$serialMonitor:RX", "", [] ],
    [ "esp:RX", "$serialMonitor:TX", "", [] ],
    [ "esp:3V3", "btn1:1.r", "green", [ "h-86.4", "v9.6" ] ],
    [ "btn1:2.r", "esp:5", "green", [ "v29", "h105.8" ] ],
    [ "esp:3V3", "btn2:1.r", "gold", [ "h-67.2", "v76.8", "h-38.6" ] ],
    [ "btn2:2.r", "esp:6", "gold", [ "h67.4", "v-28.6" ] ],
    [ "esp:3V3", "btn3:1.r", "blue", [ "h-48", "v144" ] ],
    [ "btn3:2.r", "esp:7", "blue", [ "h77", "v-86.2" ] ],
    [ "oled1:GND", "esp:GND.1", "red", [ "v0" ] ],
    [ "esp:GND.2", "imu1:GND", "orange", [ "h0" ] ],
    [ "esp:3V3", "imu1:VCC", "orange", [ "v-38.4", "h278.4", "v86.4" ] ],
    [ "esp:3V3", "oled1:VCC", "red", [ "h-76.8", "v201.6", "h-76.95" ] ],
    [ "oled1:SCL", "esp:8", "red", [ "v-48", "h125.1", "v-124.8" ] ],
    [ "oled1:SDA", "esp:9", "red", [ "v-28.8", "h124.87", "v-134.4" ] ],
    [ "imu1:SCL", "esp:8", "green", [ "v0" ] ],
    [ "imu1:SDA", "esp:9", "green", [ "v0" ] ]
  ],
  "dependencies": {}
}